,driverId,driverRef
998,1.9209635967835477,alonso
2175,5.089553437927158,hamilton
2589,1.9796549043459843,raikkonen
6007,4.8439360236483155,vettel
6430,0.7033372350161752,perez
6656,2.159889192617829,ricciardo
6997,0.3660818121384515,grosjean
7180,-0.06893393306252146,kevin_magnussen
7311,2.7659464389319015,bottas
7502,0.5353891456724407,hulkenberg
7837,0.1308213896460454,sainz
7992,2.9252301550657283,max_verstappen
8181,-0.5000014566521159,vandoorne
8223,0.3851608194737742,ocon
8325,-0.027563046404780505,leclerc
8419,-0.2919077799384859,stroll
8680,-0.23426681259333715,gasly
9747,-0.7438017380047003,ericsson
9879,-0.498919579109326,brendon_hartley
11078,-0.4594337764099259,sirotkin
91,0.9885372987350725,button
2938,1.0758809952104982,massa
6903,0.10032779609722108,resta
7685,-0.011669842921139144,kvyat
8145,-0.6186599710609297,jolyon_palmer
9842,-0.6696597970632129,wehrlein
9905,-0.18232175792492794,giovinazzi
1341,2.6904152247929507,rosberg
7797,-0.44840303855022995,nasr
9652,-0.7682126569271833,gutierrez
11297,-0.3089490281221568,haryanto
10516,-0.46836346191983536,maldonado
11425,-0.3253533714511215,merhi
11438,-0.43318254359777464,stevens
25019,-0.21287237277537524,rossi
1626,-0.38804827722373497,sutil
6352,-0.08071908698394256,kobayashi
6938,-0.4209871167567363,vergne
9710,-0.6580683670342888,jules_bianchi
10927,-0.6911089664429871,chilton
24892,-0.07551473284655291,lotterer
2551,-0.4022284790048709,kovalainen
3826,1.3660641886819787,webber
10887,-0.7305011868386773,pic
10961,-0.43318254359777464,garde
892,-0.5841267922285941,glock
4197,1.4830042587045618,michael_schumacher
5068,-0.6796588834151038,rosa
6294,-0.321319444331407,petrov
10319,-0.47281791040245946,bruno_senna
10642,-0.7406627874700613,karthikeyan
11288,-0.45199066960918116,ambrosio
324,0.08913819230233887,barrichello
645,-0.39071843471262196,trulli
1542,-0.5737141964372926,buemi
1756,-0.18854123466301967,heidfeld
5877,-0.6811811574197945,liuzzi
5956,-0.4912173523927171,alguersuari
11317,-0.2931558463884634,chandhok
4164,-0.6765912725501945,klien
5775,0.8013294944548925,kubica
10980,-0.43318254359777464,grassi
11472,-0.4707987956205876,yamamoto
1596,-0.51112336398232,bourdais
1935,-0.2872537599973868,fisichella
8842,-0.6074217366906044,nakajima
10385,-0.382181171024969,piquet_jr
11041,-0.8119910624253361,badoer
3554,0.15623401341543866,coulthard
8881,-0.6082113966480605,sato
10088,-0.5262977281846756,davidson
3207,0.002475508095364912,ralf_schumacher
3795,-0.5950323110962055,speed
4850,-0.5286021376135065,wurz
8969,-0.7396098192611945,albers
24781,-0.07551473284655291,markus_winkelhock
3382,-0.18097918441964178,villeneuve
4044,0.6402740155914479,montoya
10689,-0.6394381320768534,monteiro
11099,-0.20199680447776253,ide
11457,-0.2931558463884634,doornbos
14825,-0.23677068360822673,montagny
4844,-0.6908597946174508,zonta
10367,-0.36106691144268416,pizzonia
11266,-0.2573173588595137,friesacher
4657,-0.6097886706877204,panis
9346,-0.6494496469350467,gene
10414,-0.4493973205211489,matta
11103,-0.3423184809457,pantano
11230,-0.440625199838369,baumgartner
11320,-0.41446806796749835,bruni
4493,-0.33095901561791463,frentzen
9014,-0.7561240728292767,verstappen
10610,-0.3308119594026468,firman
11250,-0.3662808528645722,wilson
24840,-0.21287237277537524,kiesa
4919,-0.2377709477090543,irvine
9542,-0.6932406896883502,salo
10112,-0.39593903710590717,mcnish
10442,-0.6108254928298988,bernoldi
11117,-0.3776836110336867,yoong
5206,0.32874465731451014,hakkinen
9121,-0.35978468675009484,burti
9136,-0.2860748780500991,alesi
11000,-0.4707987956205876,mazzacane
11367,-0.5616628582726623,marques
24894,-0.19181964358577575,enge
9377,-0.5584503537038515,herbert
10790,-0.7822834864387374,diniz
5171,-0.6541769084327302,takagi
5655,0.513009589300555,damon_hill
10470,-0.7563686841723326,zanardi
25039,-0.07551473284655291,sarrazin
10129,-0.532877384128532,magnussen
10624,-0.3776836110336867,tuero
10726,-0.6455588162292463,nakano
10759,-0.6259666592827261,rosset
5368,0.005001176369965494,berger
5578,-0.7831436017768671,larini
11134,-0.8047024520607877,katayama
11366,-0.07551473284655291,sospiri
12892,-0.768592971617379,morbidelli
24261,-0.20199680447776253,fontana
10154,-0.5584503537038515,brundle
11338,-0.5950323110962055,montermini
11393,-0.6432586019390077,lamy
24830,-0.2780146799356361,lavaggi
11517,-0.590560693798862,blundell
11943,0.312815969951461,mansell
12393,-0.7619139414956722,martini
13329,-0.8203830307853908,tarquini
13799,-0.8002018549019253,gachot
13881,-0.6169358406761002,wendlinger
13954,-0.7863459192772785,suzuki
14218,-0.7333430140920449,moreno
14655,-0.41446806796749835,inoue
14788,-0.23677068360822673,schiattarella
23086,-0.2573173588595137,boullion
24311,-0.23677068360822673,papis
24801,-0.19181964358577575,deletraz
11838,0.8945940762116874,senna
12527,-0.43411123543107005,alboreto
12823,-0.7589163410094204,lehto
13060,-0.6904145467875443,bernard
13270,-0.5786279677672408,belmondo
13398,-0.7685499185753295,comas
13533,-0.7031277785048133,cesaris
13744,-0.6445458448115737,fittipaldi
13787,-0.2780146799356361,beretta
14694,-0.8007398738052987,alliot
14795,-0.6259666592827261,brabham
19336,-0.7927572063091893,dalmas
24462,-0.2635568542327087,gounon
24864,-0.18232175792492794,adams
25024,-0.18232175792492794,lagorce
25026,-0.19181964358577575,noda
25045,-0.19181964358577575,ratzenberger
11577,0.968627957240884,prost
12134,-0.33139314245243445,patrese
12513,-0.24412748555863004,andretti
13000,-0.6844091361810843,capelli
13108,-0.4625537053358183,boutsen
13297,-0.42925973006755686,barbazza
14292,-0.629219722317236,warwick
24861,-0.2244607445698498,naspetti
24897,-0.07551473284655291,apicella
25029,-0.18232175792492794,toshio_suzuki
12742,-0.7699180038981455,gugelmin
13458,-0.81011824187709,grouillard
13520,-0.2780146799356361,chiesa
14495,-0.7315813155135363,modena
14832,-0.6108254928298988,poele
14865,-0.23677068360822673,mccarthy
23267,-0.7463219504569226,lammers
25048,-0.19181964358577575,amati
14011,0.23780113497439198,piquet
14454,-0.708680525213639,pirro
14575,-0.7359059021569331,satoru_nakajima
14861,-0.20199680447776253,bartels
14872,-0.7891805141734746,caffi
20884,-0.4399638638218004,johansson
23389,-0.440625199838369,bailey
24105,-0.3253533714511215,chaves
25031,-0.18232175792492794,hattori
19890,-0.489513271250864,foitek
20089,-0.7494809962517714,giacomelli
22425,-0.35978468675009484,barilla
22440,-0.4434663438470753,nannini
22517,-0.35978468675009484,donnelly
23472,-0.6541769084327302,schneider
24118,-0.3423184809457,langes
25051,-0.18232175792492794,gary_brabham
15193,-0.32672255695659863,arnoux
19238,-0.7553836685241101,palmer
19381,-0.8201921218045577,ghinzani
21797,-0.6059235252454488,cheever
22532,-0.39593903710590717,raphanel
22635,-0.4707987956205876,larrauri
22652,-0.6432586019390077,sala
23409,-0.7447962386829301,danner
24132,-0.2780146799356361,weidler
24142,-0.23677068360822673,joachim_winkelhock
24883,-0.2244607445698498,bertaggia
20824,-0.7145329475181325,streiff
22699,-0.4707987956205876,campos
24915,-0.18232175792492794,schlesser
22113,-0.6775254238555156,fabi
23242,-0.3089490281221568,fabre
25014,-0.18232175792492794,forini
14947,-0.26196516898658445,keke_rosberg
15079,-0.32422234539985867,angelis
15352,-0.44463538230401356,tambay
15543,-0.02802959410663084,jones
15659,-0.2526161180538598,laffite
19914,-0.739902543147526,surer
23488,-0.34347533652634316,dumfries
23504,-0.5950323110962055,rothengatter
24845,-0.2635568542327087,berg
16328,-0.3295663795593556,watson
16486,0.27019540058465025,lauda
20033,-0.7903488927674001,manfred_winkelhock
21774,-0.44406511361144757,bellof
22213,-0.6969291058353535,baldi
23049,-0.45199066960918116,hesnault
24612,-0.2635568542327087,acheson
20772,-0.49668785157351225,cecotto
23068,-0.41446806796749835,corrado_fabi
24807,-0.24980443078563194,gartner
25054,-0.21287237277537524,thackwell
17395,-0.7283203348890404,jarier
20000,-0.6259666592827261,boesel
22184,-0.33689974243821474,sullivan
22240,-0.6432586019390077,serra
23167,-0.680994454108701,salazar
23533,-0.6108254928298988,guerrero
25060,-0.19181964358577575,villeneuve_sr
15492,-0.11280368917766051,gilles_villeneuve
15902,0.13681915132051178,reutemann
16660,-0.19010532285997367,pironi
16734,-0.5452879715818357,mass
16857,-0.1941126161027219,mario_andretti
20980,-0.7140754996871793,daly
22860,-0.7121616956325866,keegan
23097,-0.7121616956325866,henton
23643,-0.3483422145941549,borgudd
23652,-0.3089490281221568,lees
24149,-0.24980443078563194,paletti
24157,-0.3423184809457,villota
24948,-0.21287237277537524,byrne
22552,-0.6379022546091762,jabouille
23361,-0.3253533714511215,stohr
23561,-0.7123233900000068,rebaque
23619,-0.39593903710590717,gabbiani
23666,-0.2931558463884634,zunino
24975,-0.18232175792492794,francia
25064,-0.18232175792492794,cogan
25472,-0.20199680447776253,guerra
25560,-0.07551473284655291,londono
15988,0.19741810168172283,scheckter
16130,-0.1300663154175536,regazzoni
16390,-0.1536733832293605,depailler
16995,-0.7361256570704626,brambilla
17058,0.02890145644182032,emerson_fittipaldi
23674,-0.18232175792492794,needell
23676,-0.23677068360822673,kennedy
23699,-0.6108254928298988,ertl
25562,-0.07551473284655291,desire_wilson
25576,-0.07551473284655291,south
17735,-0.14841401549773678,ickx
19488,-0.6643811047218807,stuck
20174,-0.7677829499954121,merzario
21062,0.046469951244266804,hunt
23723,-0.45199066960918116,ribeiro
24171,-0.19181964358577575,brancatelli
24471,-0.21287237277537524,gaillard
17277,-0.06707281784838644,peterson
19658,-0.7135538522723534,stommelen
23381,-0.35978468675009484,binder
24174,-0.7533592887040816,lunger
24630,-0.2244607445698498,trimmer
24953,-0.21287237277537524,bleekemolen
24958,-0.07551473284655291,gimax
24960,-0.21287237277537524,leoni
25008,-0.19181964358577575,colombo
25058,-0.18232175792492794,rahal
25492,-0.19181964358577575,galica
25497,-0.2244607445698498,ongais
17219,-0.4653169014437266,pace
19577,-0.5682131806661067,pryce
21218,-0.3089490281221568,schuppan
21340,-0.6851211043681369,oliver
21939,-0.31570940712733214,nilsson
22894,-0.3776836110336867,edwards
23683,-0.23677068360822673,hayje
23739,-0.45199066960918116,ian_scheckter
23762,-0.35978468675009484,perkins
24096,-0.2931558463884634,purley
24372,-0.3253533714511215,neve
24624,-0.07551473284655291,sutcliffe
24631,-0.07551473284655291,mcguire
24632,-0.18232175792492794,kozarowitzky
24674,-0.2931558463884634,ashley
24942,-0.2228616206013966,zorzi
24964,-0.20199680447776253,pilette
24968,-0.2244607445698498,kessel
25034,-0.2244607445698498,hoffmann
25065,-0.07551473284655291,heyer
25066,-0.18232175792492794,takahara
25068,-0.07551473284655291,takahashi
25069,-0.18232175792492794,hoshino
25567,-0.21287237277537524,andersson
25573,-0.07551473284655291,dryver
18152,-0.7228975028563449,pescarolo
20427,-0.4724184431643414,amon
22272,-0.24980443078563194,leclere
23777,-0.3089490281221568,evans
23797,-0.3902488480342366,lombardi
24668,-0.20199680447776253,pesenti_rossi
24926,-0.19181964358577575,stuppacher
24984,-0.24980443078563194,wilds
25071,-0.07551473284655291,hasemi
25558,-0.18232175792492794,magee
25577,-0.07551473284655291,zapico
25589,-0.07551473284655291,brown
25596,-0.07551473284655291,nelleman
18223,-0.0944731372508789,hill
21043,-0.26824490950257457,donohue
21209,-0.35978468675009484,migault
22956,-0.6908597946174508,wilson_fittipaldi
23786,-0.2244607445698498,wunderink
23792,-0.18232175792492794,palm
24319,-0.26578809755683647,brise
24329,-0.18232175792492794,nicholson
24331,-0.07551473284655291,morgan
24332,-0.18232175792492794,crawford
24346,-0.3253533714511215,charlton
24620,-0.18232175792492794,fushida
24635,-0.23832653227337977,lennep
25476,-0.07551473284655291,vonlanthen
25518,-0.07551473284655291,tunmer
25519,-0.19181964358577575,keizan
17638,-0.4256718364217493,beltoise
17848,0.178163656101729,hulme
20251,-0.23252378757398834,redman
20264,-0.6284356918128255,schenken
21151,-0.5486437952810591,hailwood
21236,-0.6290988705462365,ganley
21285,-0.5041039046997472,gethin
22016,-0.36043444510619804,wisell
22290,0.03073754285130777,revson
23811,-0.3253533714511215,opel
24299,-0.3308119594026468,bell
24488,-0.23677068360822673,hobbs
24976,-0.19181964358577575,dolhem
24979,-0.07551473284655291,facetti
24988,-0.2244607445698498,kinnunen
25040,-0.20199680447776253,robarts
25477,-0.07551473284655291,quester
25478,-0.19181964358577575,koinigg
25522,-0.18232175792492794,driver
25524,-0.20199680447776253,belso
25574,-0.18232175792492794,larrousse
25595,-0.07551473284655291,roos
25603,-0.18232175792492794,wietzes
17537,0.8078646998392128,stewart
19608,0.025611063168370325,cevert
21970,-0.6108254928298988,beuttler
22909,-0.6389426693739362,adamich
24077,-0.39593903710590717,galli
24283,-0.18232175792492794,williamson
24285,-0.2502226004067491,follmer
24570,-0.07551473284655291,mcrae
25044,-0.07551473284655291,bueno
25513,-0.20199680447776253,pretorius
18779,-0.09782700954336748,surtees
22945,-0.2635568542327087,marko
23203,-0.2931558463884634,walker
23825,-0.2635568542327087,roig
23835,-0.2244607445698498,barber
24997,-0.2046551856628379,love
25581,-0.18232175792492794,posey
25597,-0.19181964358577575,brack
18423,-0.5191769964968543,siffert
21352,-0.22571443004935232,rodriguez
21485,-0.6657243391202661,bonnier
23318,-0.23252378757398834,elford
23849,-0.3253533714511215,eaton
23882,-0.38035908066488255,moser
23981,-0.2931558463884634,lovely
25556,-0.07551473284655291,mazet
25557,-0.07551473284655291,jean
25578,-0.18232175792492794,craft
25585,-0.07551473284655291,Cannoc
17957,-0.029901439488319314,rindt
18019,0.0913404254609653,jack_brabham
18388,-0.3879213526738051,courage
18634,0.03881170390121826,mclaren
20570,-0.13340340590912383,gurney
23852,-0.33689974243821474,miles
23867,-0.20324145823442288,gavin
24646,-0.19181964358577575,hahne
24854,-0.14472110550338493,giunti
25528,-0.20199680447776253,klerk
25592,-0.07551473284655291,westbury
25593,-0.07551473284655291,hutchison
18515,-0.27075487752915484,attwood
25508,-0.2244607445698498,tingle
25517,-0.18232175792492794,rooyen
25600,-0.18232175792492794,pease
25604,-0.07551473284655291,cordts
20644,0.8731752975420096,clark
20702,-0.4182961405906136,spence
22053,-0.2635568542327087,gardner
23134,-0.36498673704769397,bianchi
23153,-0.12809050571221361,scarfiotti
24683,-0.18232175792492794,ahrens
24727,-0.18232175792492794,jo_schlesser
25537,-0.24980443078563194,solana
25561,-0.07551473284655291,widdows
25582,-0.07551473284655291,unser
18535,-0.21641426492319574,bandini
18581,0.06757668043191566,ginther
22024,-0.4713467077404347,anderson
22745,-0.40360959484126396,baghetti
23304,-0.3137496734664799,ligier
24476,-0.25356151517803677,irwin
24552,-0.18232175792492794,rees
24712,-0.04204380151260546,parkes
24794,-0.07551473284655291,hart
25532,-0.07551473284655291,botha
25541,-0.07551473284655291,williams
25554,-0.18232175792492794,fisher
25605,-0.07551473284655291,tom_jones
18869,0.024248395960386828,phil_hill
21431,-0.42929106555055413,ireland
22351,-0.5216638367674613,trevor_taylor
22610,-0.2692635213691636,bucknum
22993,-0.22247502087881446,arundell
23214,-0.2257113712937154,bondurant
24693,-0.18232175792492794,lawrence
24718,-0.19628555856540955,taylor
24872,-0.18232175792492794,vic_wilson
24920,-0.19181964358577575,geki
21403,-0.19181964358577575,hawkins
22334,-0.28610801803258396,maggs
22374,-0.583214562344005,gregory
22844,-0.20199680447776253,bussinello
23916,-0.21287237277537524,vaccarella
24410,-0.23677068360822673,raby
24609,-0.07551473284655291,rhodes
24622,-0.07551473284655291,rollinson
24623,-0.07551473284655291,gubby
24649,-0.16311193014547823,mitter
24899,-0.07551473284655291,bassi
25618,-0.19181964358577575,pieterse
25620,-0.18232175792492794,prophet
25621,-0.07551473284655291,reed
25622,-0.07551473284655291,clapham
25623,-0.07551473284655291,blignaut
25626,-0.16841203957314382,lederle
25631,-0.19181964358577575,serrurier
25634,-0.18232175792492794,blokdyk
25635,-0.18232175792492794,niemann
25638,-0.07551473284655291,puzey
19017,-0.4500449358948557,trintignant
22719,-0.33689974243821474,andre_pilette
22821,-0.5964138602094594,beaufort
23897,-0.2244607445698498,collomb
24655,-0.23677068360822673,barth
24783,-0.21287237277537524,cabral
25546,-0.16381300516151082,hansgen
25549,-0.2244607445698498,sharp
22414,-0.22673202932058598,mairesse
22615,-0.2737131714929122,hall
22760,-0.21287237277537524,campbell-jones
22765,-0.5616628582726623,burgess
22791,-0.2780146799356361,settember
22801,-0.21287237277537524,estefano
24815,-0.20199680447776253,parnell
24819,-0.18232175792492794,kuhnke
24828,-0.18232175792492794,seiffert
24901,-0.18232175792492794,starrabba
24903,-0.19181964358577575,lippi
24929,-0.18232175792492794,abate
25004,-0.07551473284655291,ernesto_brambilla
25094,-0.14451503051901515,ward
25542,-0.07551473284655291,dochnal
25547,-0.07551473284655291,monarch
25583,-0.07551473284655291,vos
25594,-0.07551473284655291,broeker
20721,-0.6339421134604828,salvadori
22837,-0.16450679697606202,ricardo_rodriguez
22847,-0.2635568542327087,marsh
23903,-0.2573173588595137,lewis
24442,-0.23677068360822673,greene
24685,-0.07551473284655291,walter
24698,-0.3253533714511215,seidel
24748,-0.21287237277537524,ashmore
24779,-0.18232175792492794,schiller
24821,-0.19181964358577575,shelly
24824,-0.19181964358577575,chamberlain
24934,-0.18232175792492794,prinoth
24938,-0.19181964358577575,davis
25565,-0.07551473284655291,pon
25571,-0.07551473284655291,slotemaker
25586,-0.18232175792492794,penske
25590,-0.07551473284655291,schroeder
25591,-0.07551473284655291,mayer
25627,-0.07551473284655291,hocking
25628,-0.07551473284655291,vyver
25632,-0.07551473284655291,johnstone
25637,-0.07551473284655291,harris
18897,0.33096202248991763,moss
18973,-0.005429281133384466,brooks
20301,0.03231841753480735,trips
20329,-0.2894017811912406,allison
22069,-0.3483422145941549,scarlatti
23919,-0.24133493279923707,henry_taylor
23929,-0.19109223052576688,gendebien
23950,-0.2635568542327087,naylor
24033,-0.3383359719010599,herrmann
24221,-0.20199680447776253,may
24506,-0.26733488152791335,fairman
24790,-0.07551473284655291,monteverdi
24791,-0.18232175792492794,pirocchi
24793,-0.07551473284655291,duke
24923,-0.18232175792492794,thiele
24931,-0.18232175792492794,natili
24935,-0.07551473284655291,boffa
25120,-0.18232175792492794,ruby
25584,-0.07551473284655291,ken_miles
25588,-0.07551473284655291,ryan
25610,-0.07551473284655291,bordeu
20347,-0.2635568542327087,halford
20387,-0.5947819903348489,schell
20805,-0.3025723259703947,flockhart
20812,-0.20324145823442288,menditeguy
21579,-0.39172874309908784,gould
21684,0.25448837925605705,gonzalez
22627,-0.20199680447776253,bristow
23955,-0.2244607445698498,daigh
23961,-0.20199680447776253,reventlow
24004,-0.14472110550338493,cabianca
24070,-0.23677068360822673,stacey
24571,-0.19181964358577575,piper
24583,-0.20199680447776253,munaron
24737,-0.14371282492589635,ruttman
24866,-0.18232175792492794,mike_taylor
24898,-0.07551473284655291,owen
24940,-0.07551473284655291,drogo
25013,-0.07551473284655291,gamble
25072,0.031664252627208005,rathmann
25096,-0.05137401950998408,goldsmith
25099,-0.08558951851988782,branson
25101,-0.13740524443606417,thomson
25110,-0.2509416932530442,johnson
25121,-0.21287237277537524,veith
25126,-0.07551473284655291,tingelstad
25127,-0.21287237277537524,christie
25132,-0.18232175792492794,amick
25134,-0.19854189447343806,darter
25144,-0.16841203957314382,homeier
25153,-0.19771269362006347,bettenhausen
25164,-0.16450679697606202,boyd
25177,-0.19181964358577575,foyt
25183,-0.2635568542327087,hartley
25191,-0.21287237277537524,herman
25201,-0.18232175792492794,mcwithey
25209,-0.036483956598748576,bryan
25224,-0.19718793926894976,freeland
25290,-0.17969874435544383,dick_rathmann
25372,-0.23677068360822673,stevenson
25390,-0.20199680447776253,sachs
25394,-0.07551473284655291,weiler
25395,-0.20199680447776253,russo
25411,-0.19181964358577575,sutton
25423,-0.07551473284655291,hurtubise
25425,-0.18232175792492794,force
25433,-0.19181964358577575,templeman
25452,-0.18232175792492794,dempsey_wilson
25461,-0.18232175792492794,grim
25486,-0.07551473284655291,larreta
25490,-0.07551473284655291,bonomi
25495,-0.07551473284655291,chimeri
25496,-0.07551473284655291,creus
25643,-0.07551473284655291,drake
19719,-0.41334994723509083,behra
23965,-0.2244607445698498,bueb
23971,-0.07551473284655291,Changy
23972,-0.21287237277537524,filippis
23988,-0.07551473284655291,lucienbonnet
23989,-0.18232175792492794,testut
24495,-0.2635568542327087,shelby
25166,-0.15632798590556082,paul_russo
25192,-0.23677068360822673,daywalt
25199,-0.07551473284655291,arnold
25227,-0.18232175792492794,larson
25230,-0.19181964358577575,cheesbourg
25234,-0.21287237277537524,keller
25281,-0.20199680447776253,turner
25284,-0.10455284938227427,flaherty
25399,-0.19181964358577575,ray_crawford
25402,-0.20199680447776253,weyant
25406,-0.19181964358577575,magill
25505,-0.18232175792492794,tomaso
25611,-0.07551473284655291,fontes
25613,-0.19181964358577575,orey
25639,-0.07551473284655291,ashdown
25640,-0.07551473284655291,bill_moss
25641,-0.07551473284655291,dennis_taylor
25644,-0.07551473284655291,said
25645,-0.07551473284655291,constantine
25646,-0.07551473284655291,cade
25647,-0.07551473284655291,blanchard
19098,-0.05363451152888192,musso
19124,-0.22387491175837862,collins
19192,1.3281038668674665,fangio
21592,0.320178560935044,hawthorn
22075,-0.3504175245325427,chiron
22684,-0.15821413625684838,lewis-evans
23991,-0.07551473284655291,kavanagh
23992,-0.21590708909798162,gerini
23999,-0.07551473284655291,kessler
24000,-0.18232175792492794,emery
24006,-0.2635568542327087,piotti
24015,-0.07551473284655291,ecclestone
24016,-0.07551473284655291,taramazzo
24017,-0.2732793516873806,godia
24728,-0.18232175792492794,gibson
24799,-0.07551473284655291,goethals
25211,-0.07551473284655291,george_amick
25212,-0.2244607445698498,reece
25236,-0.13129569139003971,parsons
25246,-0.19181964358577575,tolan
25276,-0.21287237277537524,connor
25412,-0.21287237277537524,elisian
25417,-0.07551473284655291,jerry_unser
25418,-0.07551473284655291,bisch
25464,-0.18232175792492794,garrett
25648,-0.07551473284655291,picard
25649,-0.07551473284655291,bridger
25650,-0.07551473284655291,la_caze
25651,-0.07551473284655291,guelfi
19231,-0.17402166331075522,castellotti
19852,-0.20048104933438646,perdisa
22090,-0.3089490281221568,simon
23335,-0.23677068360822673,gerard
24051,-0.19181964358577575,leston
24269,-0.16450679697606202,portago
24417,-0.2373001606142331,maglioli
24805,-0.19181964358577575,volonterio
24829,-0.07551473284655291,england
25249,-0.011253634639419623,hanks
25258,-0.23342503384021385,linden
25269,-0.20199680447776253,teague
25329,-0.23007324646687616,agabashian
25391,-0.07551473284655291,edmunds
25419,-0.07551473284655291,george
25606,-0.07551473284655291,mackay-fraser
25607,-0.07551473284655291,macdowel
19814,-0.17075035874726807,villoresi
21636,-0.4325021807050239,manzon
21703,-0.5479770175122837,rosier
21749,-0.40585224726196945,graffenried
23030,-0.2089525575945666,bayol
23254,-0.2234961850272909,ramos
24237,0.051688091834916836,taruffi
24246,-0.1617480587823144,frere
24353,-0.07551473284655291,titterington
24547,-0.07551473284655291,scott_Brown
24739,-0.07551473284655291,milhoux
24868,-0.07551473284655291,scotti
24909,-0.20197801422217937,landi
25293,-0.08017785909564971,sweikert
25350,-0.19181964358577575,griffith
25440,-0.20199680447776253,dinsmore
25442,-0.18232175792492794,andrews
25489,-0.18232175792492794,uria
25503,-0.07551473284655291,oscar_gonzalez
25608,-0.07551473284655291,chapman
19773,0.6106799254461981,farina
19855,0.7637712224205541,ascari
23012,-0.24799412124247255,mieres
23344,-0.5441966524682674,claes
24054,-0.35978468675009484,macklin
24069,-0.07551473284655291,whiteaway
24216,-0.21287237277537524,pollet
24338,-0.21287237277537524,bucci
24406,-0.23677068360822673,mcalpine
24428,-0.20199680447776253,peter_walker
24432,-0.19181964358577575,rolt
24517,-0.10927917388977045,kling
24560,-0.34347533652634316,wharton
24601,-0.18232175792492794,marr
24663,-0.21309621031405093,mantovani
24905,-0.07551473284655291,lucas
24913,-0.18232175792492794,fitch
25298,-0.16450679697606202,davies
25304,-0.19628555856540955,faulkner
25311,0.10227709721397274,vukovich
25319,-0.08956436248382736,mcgrath
25333,-0.19181964358577575,niday
25338,-0.04926160721275564,cross
25342,-0.21287237277537524,hoyt
25483,-0.18232175792492794,birger
25487,-0.07551473284655291,iglesias
25642,-0.07551473284655291,sparken
22102,-0.2619678859498306,whitehead
23224,-0.3422548015310004,bira
24255,-0.11158911654675596,reg_parnell
24271,-0.21334240380147299,marimon
24334,-0.07551473284655291,riseley_prichard
24354,-0.21287237277537524,brandon
24449,-0.23832653227337977,alan_brown
24457,-0.18232175792492794,nuckey
24582,-0.07551473284655291,thorne
24589,-0.07551473284655291,beauman
24606,-0.07551473284655291,whitehouse
24688,-0.23677068360822673,swaters
24709,-0.11783359832156783,lang
24740,-0.19181964358577575,helfrich
24870,-0.18232175792492794,georges_berger
24880,-0.19181964358577575,wacker
25005,-0.07551473284655291,riu
25011,-0.18232175792492794,daponte
25320,-0.004558811484720263,nazaruk
25331,-0.07551473284655291,crockett
25345,-0.18232175792492794,mccoy
25367,-0.16381300516151082,ayulo
25382,-0.21287237277537524,bob_scott
25434,-0.07551473284655291,duncan
25435,-0.19181964358577575,fonder
25446,-0.20199680447776253,webb
25449,-0.18232175792492794,jackson
25457,-0.07551473284655291,kladis
25459,-0.07551473284655291,armi
25484,-0.07551473284655291,loyer
24318,-0.07551473284655291,jimmy_stewart
24360,-0.21287237277537524,duncan_hamilton
24392,-0.26733488152791335,cabantous
24435,-0.21287237277537524,hirt
24531,-0.19678241959743747,bonetto
24607,-0.18232175792492794,crook
24610,-0.07551473284655291,ian_stewart
24752,-0.18232175792492794,krause
24765,-0.07551473284655291,karch
24766,-0.18232175792492794,heeks
24768,-0.07551473284655291,fitzau
24769,-0.07551473284655291,adolff
24770,-0.18232175792492794,bechem
24772,-0.07551473284655291,bauer
24773,-0.20199680447776253,hans_stuck
24788,-0.19181964358577575,carini
24795,-0.18232175792492794,klodwig
24800,-0.07551473284655291,loof
24877,-0.18232175792492794,legat
25377,0.011142720885152311,holland
25393,-0.18232175792492794,holmes
25420,-0.19181964358577575,nalon
25454,-0.18232175792492794,scarborough
25471,-0.07551473284655291,mantz
25481,-0.07551473284655291,galvez
25485,-0.07551473284655291,cruz
25491,-0.07551473284655291,john_barber
25655,-0.18232175792492794,terra
25657,-0.07551473284655291,scherrer
21768,-0.21287237277537524,rol
23042,-0.2737131714929122,etancelin
24364,-0.20199680447776253,gaze
24368,-0.20199680447776253,murray
24385,-0.08558951851988782,poore
24438,-0.19181964358577575,cantoni
24459,-0.19181964358577575,aston
24527,-0.07551473284655291,thompson
24528,-0.18232175792492794,downing
24574,-0.07551473284655291,graham_whitehead
24575,-0.09768005353992584,fischer
24602,-0.20199680447776253,bianco
24708,-0.07551473284655291,schoeller
24724,-0.19181964358577575,pietsch
24743,-0.07551473284655291,brudes
24754,-0.18232175792492794,laurent
24756,-0.07551473284655291,riess
24757,-0.18232175792492794,ulmen
24777,-0.07551473284655291,balsa
24778,-0.07551473284655291,peters
24797,-0.07551473284655291,niedermayr
24798,-0.07551473284655291,klenk
24871,-0.07551473284655291,charrington
24874,-0.19181964358577575,tornaco
24882,-0.07551473284655291,obrien
24918,-0.18232175792492794,comotti
25006,-0.07551473284655291,crespo
25007,-0.07551473284655291,dusio
25346,-0.19181964358577575,george_connor
25352,-0.07551473284655291,rigsby
25353,-0.18232175792492794,james
25355,-0.19181964358577575,schindler
25361,-0.11783359832156783,ball
25364,-0.19181964358577575,banks
25466,-0.18232175792492794,miller
25469,-0.19181964358577575,mcdowell
25563,-0.18232175792492794,flinterman
25572,-0.07551473284655291,lof
25653,-0.18232175792492794,abecassis
21698,0.17112750134782523,fagioli
24550,-0.07551473284655291,parker
24551,-0.07551473284655291,john_james
24587,-0.18232175792492794,kelly
24590,-0.16311193014547823,sanesi
24595,-0.18232175792492794,shawe_taylor
24744,-0.19181964358577575,branca
24759,-0.2244607445698498,levegh
24891,-0.16841203957314382,chaboud
24925,-0.18232175792492794,louveau
24936,-0.07551473284655291,richardson
25017,-0.19181964358577575,guy_mairesse
25358,0.10787496029019254,wallard
25379,-0.05334543871820771,rose
25381,-0.08558951851988782,green
25426,-0.18232175792492794,hellings
25448,-0.07551473284655291,mackey
25456,-0.18232175792492794,walt_brown
25460,-0.07551473284655291,forberg
25609,-0.07551473284655291,gordini
25658,-0.07551473284655291,grignard
25659,-0.07551473284655291,jover
21764,-0.19181964358577575,harrison
21772,-0.07551473284655291,pian
23007,-0.16311193014547823,sommer
24407,-0.18232175792492794,martin
24548,-0.18232175792492794,crossley
24597,-0.18232175792492794,hampshire
24599,-0.07551473284655291,fry
24634,-0.07551473284655291,leslie_johnson
24893,-0.07551473284655291,serafini
24914,-0.07551473284655291,biondetti
25428,-0.07551473284655291,chitwood
25429,-0.07551473284655291,levrett
25430,-0.07551473284655291,cantrell
25458,-0.07551473284655291,fohr
25470,-0.07551473284655291,ader
25612,-0.07551473284655291,pozzi
25652,-0.07551473284655291,pagani
8533,-0.07551473284655291,russell
8606,-0.07551473284655291,norris
8778,-0.07551473284655291,albon
